battery_percentage,voltage_v,current_a,speed_kph,motor_temperature_c,ambient_temperature_c,battery_capacity_kwh,odometer_km,range_km
92,398.2,-12.4,42.1,36.5,28.4,75.0,1200.5,380
88,396.8,-18.1,58.7,39.4,29.0,75.0,1218.8,350
85,395.6,-22.7,63.5,41.8,30.2,75.0,1243.4,330
81,393.9,-28.5,71.2,44.1,31.0,75.0,1275.2,300
79,392.5,-31.0,76.4,45.6,31.6,75.0,1303.4,285
76,391.1,-35.4,81.3,47.8,32.2,75.0,1348.3,260
73,389.7,-39.8,84.9,49.5,32.9,75.0,1390.4,235
70,388.4,-42.6,88.6,51.2,33.4,75.0,1449.1,210
67,387.1,-45.3,91.4,53.8,34.0,75.0,1515.6,185
64,385.8,-48.9,95.7,56.4,34.8,75.0,1588.8,160
61,384.6,-52.1,99.8,58.7,35.1,75.0,1669.4,135
58,383.2,-55.7,103.5,61.2,35.9,75.0,1756.7,110
55,381.9,-58.8,106.4,63.8,36.4,75.0,1850.7,85
52,380.5,-61.9,109.7,66.1,37.0,75.0,1950.9,60
49,379.2,-65.3,113.5,68.6,37.8,75.0,2060.3,35
46,377.8,-68.7,117.2,71.0,38.2,75.0,2178.2,10
